Question_ID,question,answers,id
Q1,What does Google believe about the role of AI in society?,"Google believes that AI is a foundational and transformational technology that will provide compelling and helpful benefits by assisting, complementing, empowering, and inspiring people across various fields.",alphabet
Q2,"When did Google become carbon-neutral, and what achievement followed in 2017?",Google became carbon-neutral in 2007 and achieved 100% annual electricity use with renewable energy by 2017.,alphabet
Q3,What is one of Alphabet's three key sustainability pillars?,One of Alphabet’s three key sustainability pillars is accelerating the transition to a carbon-free and circular economy.,alphabet
Q4,What is Google's approach to creating user value through performance advertising?,"Google's performance advertising aims to deliver relevant ads that drive measurable results by directly engaging users, connecting them with advertisers effectively.",alphabet
Q5,How does Google Cloud support its customers’ cybersecurity needs?,"Google Cloud provides cybersecurity solutions that help customers detect, protect, and respond to a wide range of cybersecurity threats.",alphabet
Q6,What three key areas is Google focusing on to achieve its sustainability goals by 2030?,"Google aims to achieve net-zero emissions across operations and value chains, operate on carbon-free energy 24/7, and help cities and local governments reduce carbon emissions.",alphabet
Q7,How does Google Cloud support cybersecurity for its clients?,"Google Cloud offers cybersecurity products that help customers detect, protect, and respond to various cybersecurity threats.",alphabet
Q8,What is one of Google's notable achievements in the field of sustainability bonds?,"In 2020, Google issued $5.75 billion in sustainability bonds, the largest sustainability or green bond issuance by any company at the time.",alphabet
Q9,What are the main components of Google Services revenues?,"Google Services revenues include advertising, sales of apps and in-app purchases, hardware, and subscription-based products like YouTube Premium and YouTube TV.",alphabet
Q10,How does Alphabet approach competition in its various business sectors?,"Alphabet competes across multiple areas, including general-purpose search engines, digital content platforms, enterprise cloud services, and digital assistant providers.",alphabet
Q11,What are Alphabet’s reported segments for revenue and operation?,"Alphabet reports revenues in three segments: Google Services, Google Cloud, and Other Bets.",alphabet
Q12,How does Google Cloud define its primary offerings?,"Google Cloud offers infrastructure, platform services, and Google Workspace collaboration tools.",alphabet
Q13,Describe Google’s mission and founding purpose.,Google’s mission is to organize the world’s information and make it universally accessible and useful.,alphabet
Q14,What were Google’s main priorities for research and development investments over the last five years?,"Google invested more than $100 billion in research and development, focusing on innovating and building products that support users, partners, customers, and communities.",alphabet
Q15,What goals has Google set regarding water consumption?,Google aims to replenish more water than it consumes by 2030 and support water security in communities where it operates.,alphabet
Q16,What does Google Assistant aim to provide for users across different devices?,Google Assistant aims to provide seamless and intelligent help across different devices throughout the day.,alphabet
Q17,Which Google Services generate revenue through subscription?,Subscription-based revenue in Google Services comes from YouTube Premium and YouTube TV.,alphabet
Q18,What is Google’s approach to developing “moonshot” projects?,"Google pursues high-risk, high-reward projects, such as those that led to the success of YouTube, Android, and Chrome, aiming for revolutionary impact rather than incremental improvements.",alphabet
Q19,What does Google aim to achieve by introducing eco-friendly routing in Maps?,Google aims to help users make more sustainable choices by offering eco-friendly routing options that can reduce carbon footprints.,alphabet
Q20,How has Google approached privacy by design for user data?,"Google has continuously enhanced privacy settings, such as auto-delete options for user data, and emphasizes secure default practices.",alphabet
Q21,Describe the role of Google Cloud’s data solutions.,"Google Cloud unifies data lakes, data warehouses, and machine learning into a platform that allows data analysis across any cloud.",alphabet
Q22,What are Google’s objectives in carbon-free and circular economy initiatives?,"Google’s objectives include running on 24/7 carbon-free energy, maximizing resource reuse, and supporting environmental sustainability in communities.",alphabet
Q23,What types of ads are included in Google’s brand advertising strategy?,"Google’s brand advertising includes videos, text, images, and interactive ads that build user awareness and affinity across devices.",alphabet
Q24,In what ways does Google Cloud assist in business transformation?,"Google Cloud helps businesses solve challenges, reduce costs, and unlock growth by providing scalable, secure solutions for productivity and collaboration.",alphabet
Q25,What industries are the focus of Google’s Other Bets segment?,Google’s Other Bets segment focuses on industries such as health technology and internet services.,alphabet
Q26,What are the three pillars of Google’s sustainability strategy?,"Google’s sustainability strategy focuses on transitioning to carbon-free energy and a circular economy, empowering people with technology, and benefiting communities.",alphabet
Q27,How does Google Cloud help businesses manage data across different clouds?,"Google Cloud unifies data lakes, warehouses, and machine learning into a platform that enables data analysis across any cloud.",alphabet
Q28,What major benefit does AI provide to Google products like Lens and Translate?,"AI allows these products to perform tasks such as image recognition and translation, enhancing their usefulness.",alphabet
Q29,What are Google’s revenue sources outside of advertising?,"Google generates non-advertising revenues from Google Play, hardware, and YouTube subscriptions, including YouTube Premium and YouTube TV.",alphabet
Q30,What products are included in Google’s hardware lineup?,"Google’s hardware lineup includes Fitbit wearable devices, Google Nest home products, and Pixel phones.",alphabet
Q31,What has been Google’s approach to filtering invalid advertising traffic?,Google removes billions of bad ads from its systems annually to improve ad experiences.,alphabet
Q32,Describe the type of advertising supported on Google’s platform for brand advertisers.,"Google supports brand advertising through video, text, and interactive ads across devices, enhancing awareness and affinity.",alphabet
Q33,What is the purpose of Google’s My Ad Center tool?,My Ad Center allows users to control their ad experience by providing personalized ad settings.,alphabet
Q34,How does Google protect sensitive user data across its services?,"Google enforces secure-by-default settings, prioritizes data privacy, and uses advanced security features like anti-malware tools.",alphabet
Q35,What types of AI-driven tools does Google Cloud offer for business applications?,"Google Cloud offers AI-powered tools for document processing, image recognition, data analysis, and industry-specific applications.",alphabet
Q36,What is one of Google's long-term sustainability goals regarding energy?,"By 2030, Google aims to operate on 24/7 carbon-free energy, making it the first major company to achieve this target.",alphabet
Q37,How does Google promote content quality on its platforms?,"Google combats low-quality content through algorithmic updates and web spam prevention technologies, which help maintain high-quality content on search and ad platforms.",alphabet
Q38,What is Google’s sustainability strategy focused on?,"Google’s sustainability strategy focuses on transitioning to carbon-free energy, enabling sustainable choices through technology, and supporting the communities where they operate.",alphabet
Q39,What impact did the European Commission’s ruling have on Google’s AdSense agreements?,"The European Commission imposed a €1.5 billion fine on Google and required changes to AdSense agreements, impacting how Google works with search partners.",alphabet
Q40,What are some of Google’s privacy and security efforts?,"Google prioritizes secure-by-default settings, enhanced privacy controls like My Ad Center, and regular security updates to protect user data.",alphabet
Q41,How does Google maintain advertising revenue with high standards for ad placement?,"Google monitors sites, apps, and videos, removing billions of bad ads yearly to ensure advertisers' content does not support low-quality material.",alphabet
Q42,What role does AI play in Google’s product development?,"AI enhances Google products by enabling functions like multi-input search, which uses both text and images, and supports various machine learning applications.",alphabet
Q43,How does Google help advertisers understand campaign effectiveness?,"Google provides measurement tools for advertisers to assess ad performance, enhancing the ability to optimize campaigns across devices and formats.",alphabet
Q44,What competitive pressures does Google face in online advertising?,"Google competes with various online platforms and traditional media, necessitating continuous innovation to meet evolving advertiser demands.",alphabet
Q45,What is Alphabet’s approach to creating “moonshots” in technology?,"Alphabet invests in high-risk, high-reward projects, like YouTube and Android, that aim to create transformative technology solutions.",alphabet
Q46,"How many employees did Alphabet have as of December 31, 2022?","Alphabet had 190,234 employees as of December 31, 2022.",alphabet
Q47,What does Google consider as part of its mission in the digital economy?,"Google’s mission includes protecting the open internet and making information universally accessible, despite increasing global regulations.",alphabet
Q48,What significant change in 2023 affects Alphabet’s AI reporting structure?,"In 2023, DeepMind is included in Alphabet’s corporate costs due to its increased collaboration with Google Services and Google Cloud.",alphabet
Q49,What is Google’s policy on maintaining high content quality across its platforms?,"Google actively prevents problematic content and enforces quality standards, as failing to do so could harm user trust and lead to regulatory penalties.",alphabet
Q50,What does Google’s Supplier Code of Conduct ensure?,"The Supplier Code of Conduct ensures that vendors and staffing agencies follow ethical practices, promoting a positive working environment​",alphabet
Q51,What percentage of Alphabet's total revenue in 2022 came from online advertising?,80%,alphabet
Q52,True or False: Alphabet's revenue growth rate has consistently increased year-over-year for the past five years.,FALSE,alphabet
Q53,Which Google segment experienced the largest revenue growth from 2021 to 2022?,Google Cloud,alphabet
Q54,What was the primary driver of the increase in Alphabet's cost of revenues in 2022?,"Increases in data center and other operations costs, as well as hardware costs.",alphabet
Q55,What are the three primary sources of Alphabet's liquidity?,"Cash, cash equivalents, marketable securities, and cash flow from operations",alphabet
Q56,What is the primary use of Alphabet's capital?,Investing for long-term growth of the business,alphabet
Q57,What was the total amount of Alphabet's share repurchases in 2022?,$59.3 billion,alphabet
Q58,How much did Alphabet's operating income decrease from 2021 to 2022?,$3.9 billion,alphabet
Q59,What was the primary driver of the decrease in Google Services operating income from 2021 to 2022?,Increases in compensation expenses and TAC.,alphabet
Q60,What was the estimated useful life change Alphabet made to its servers and certain network equipment in January 2023?,From four to six years for servers and from five to six years for certain network equipment.,alphabet
Q61,What is a potential risk to Alphabet if advertisers reduce their spending?,"Significant harm to the business, as advertising generates a significant portion of revenue.",alphabet
Q62,Name a potential consequence if manufacturers and users do not widely adopt versions of Alphabet's products for new platforms and devices.,Alphabet's business could be harmed.,alphabet
Q63,How could data privacy and security concerns affect Alphabet?,"Harm its reputation, cause significant liability, and deter users.",alphabet
Q64,What could happen if Alphabet fails to innovate and provide useful products?,"It may not remain competitive and its business, financial condition, and operating results could be harmed.",alphabet
Q65,"What is a key risk associated with Alphabet's ongoing investment in new businesses, products, services, and technologies?","It could divert management attention and harm the business, financial condition, and operating results.",alphabet
Q66,What type of risk does Alphabet face due to its reliance on contract manufacturers?,"Supply chain risks, including potential shortages and disruptions.",alphabet
Q67,What could harm Alphabet's business if it fails to maintain and enhance its strong brands?,It could hurt its ability to expand its user base and enter new categories.,alphabet
Q68,How could problematic user-generated content impact Alphabet?,It could harm the quality of services and reputation.,alphabet
Q69,How could internet access providers harm Alphabet's business?,"By restricting, blocking, degrading, or charging for access to its products and services.",alphabet
Q70,"What type of legal liability could arise from expectations related to environmental, social, and governance (ESG) considerations?","Potential liabilities, increased costs, and reputational harm.",alphabet
Q71,What is the largest business within Alphabet?,Google,alphabet
Q72,How does Alphabet report Google's financial performance?,In two segments: Google Services and Google Cloud.,alphabet
Q73,What is Alphabet's stated mission?,To organize the world's information and make it universally accessible and useful.,alphabet
Q74,What is one way Alphabet aims to ensure positive user experiences with its advertising products?,By serving the right ads at the right time and building deep partnerships with brands and agencies.,alphabet
Q75,Which Google product offers a suite of cloud-based communication and collaboration tools for enterprises?,Google Workspace,alphabet
Q76,What are some examples of investment areas within Alphabet's Other Bets segment?,"Health, life sciences, and transportation",alphabet
Q77,"What is Alphabet's approach to developing new products, in terms of user experience and monetization?","Focus on user experience first, then prioritize monetization.",alphabet
Q78,What is Alphabet's long-term goal regarding carbon-free energy use?,To become the first major company to run on carbon-free energy 24/7/365.,alphabet
Q79,How is Alphabet empowering users to make more sustainable choices?,By providing features like eco-friendly routing in Google Maps and information about climate change in Google Search.,alphabet
Q80,How does Alphabet describe its corporate culture?,"Collaborative, creative, and encouraging of the iteration of ideas.",alphabet
Q81,What U.S. government agency filed an antitrust lawsuit against Google regarding Search and Search advertising in 2020?,The Department of Justice (DOJ),alphabet
Q82,"Which European Union (EU) regulation focuses on restricting the collection, processing, and/or sharing of user data?",The General Data Protection Regulation (GDPR),alphabet
Q83,"What California law grants residents new data privacy rights, including a private right of action in the event of a data breach?",The California Consumer Privacy Act (CCPA),alphabet
Q84,What are some examples of laws that cover content moderation and removal?,"The EU's Digital Services Act, Florida's Senate Bill 7072, and Texas' House Bill 20",alphabet
Q85,Which regulatory bodies have challenged Google's business practices in recent years?,"Competition enforcers, consumer protection agencies, and data protection authorities",alphabet
Q86,What type of fine did the European Commission impose on Google in 2017 related to its display and ranking of shopping search results?,A €2.4 billion fine ($2.7 billion at the time),alphabet
Q87,What type of legal claims does Alphabet frequently face regarding intellectual property?,"Patent, copyright, trade secret, and trademark infringement lawsuits",alphabet
Q88,What is a risk associated with indemnification agreements that Alphabet enters into with customers and partners?,Increased costs for defending intellectual property claims and potential significant damages.,alphabet
Q89,How could restrictive immigration policies affect Alphabet?,Negatively impact its ability to hire and retain global talent.,alphabet
Q90,True or False: Alphabet has disclosed the reasonably possible loss related to all pending legal matters in its 10-K.,FALSE,alphabet
Q91,What percentage of searches Google sees each day are new?,15%,alphabet
Q92,What are two of Google's 'moonshot' projects that have become successful platforms?,YouTube and Android,alphabet
Q93,What makes it possible for users to conduct Google Searches in new languages?,Artificial intelligence (AI).,alphabet
Q94,What types of AI-powered solutions does Google Cloud offer to its customers?,"Document processing, image analysis, translation, and data analytics tools.",alphabet
Q95,What is Google Cloud Platform's core technology offering in cybersecurity?,"Products that help customers detect, protect, and respond to cybersecurity threats.",alphabet
Q96,What is Google's stated goal for its Other Bets businesses?,"For them to become thriving, successful businesses.",alphabet
Q97,Which Google segment has historically generated the highest operating margins?,Google Services,alphabet
Q98,What are some of the factors that could contribute to a decline in Alphabet's revenue growth rate?,"Changes in user behavior, competition, macroeconomic conditions, and deceleration in advertiser spending.",alphabet
Q99,What are some examples of products that contribute to Google's 'other revenues'?,"Google Play, Fitbit, Google Nest, and Pixel.",alphabet
Q100,True or False: Alphabet offers a short-term debt financing program through the issuance of commercial paper.,TRUE,alphabet