Question_ID,question,answers,id,response,results
Q1,What does Google believe about the role of AI in society?,"Google believes that AI is a foundational and transformational technology that will provide compelling and helpful benefits by assisting, complementing, empowering, and inspiring people across various fields.",alphabet,"The provided context does not contain specific information regarding Google's views on the role of AI in society. For insights on Google's beliefs and positions regarding AI's societal impact, you may need to refer to their official statements, press releases, or relevant sections in their 10-K reports or other corporate communications.",0
Q2,"When did Google become carbon-neutral, and what achievement followed in 2017?",Google became carbon-neutral in 2007 and achieved 100% annual electricity use with renewable energy by 2017.,alphabet,"Google became carbon-neutral in 2007. Following this achievement, in 2017, the company announced that it had matched its energy consumption with 100% renewable energy for the third consecutive year.",1
Q3,What is one of Alphabet's three key sustainability pillars?,One of Alphabet’s three key sustainability pillars is accelerating the transition to a carbon-free and circular economy.,alphabet,"One of Alphabet's three key sustainability pillars is ""Climate Action.""",0
Q4,What is Google's approach to creating user value through performance advertising?,"Google's performance advertising aims to deliver relevant ads that drive measurable results by directly engaging users, connecting them with advertisers effectively.",alphabet,"Google's approach to creating user value through performance advertising focuses on leveraging data-driven strategies to optimize ad effectiveness and targeting. This is achieved through several key components:

1. **Targeting and Personalization**: Google utilizes vast amounts of user data to deliver personalized ads that align closely with individual interests and behaviors, ensuring relevance and improving user experience.

2. **Performance Measurement**: Google provides advertisers with sophisticated tools to monitor and analyze the performance of their ads. Metrics such as clicks, conversions, and return on investment (ROI) allow advertisers to adjust strategies in real-time.

3. **Automation and AI**: Google employs machine learning algorithms to automate and enhance advertising processes. Features like Smart Bidding use AI to optimize bids automatically based on the likelihood of conversion, minimizing manual intervention.

4. **Cross-Channel Integration**: Through platforms like Google Ads, advertisers can run campaigns across various channels (search, display, YouTube), reaching users on different platforms seamlessly.

5. **Ad Format Innovation**: Google continually develops new ad formats (such as responsive ads and video ads) that engage users more effectively and provide richer storytelling opportunities for brands.

By integrating these elements, Google enhances the effectiveness of performance advertising, creating value for both users through relevant ads and for advertisers through improved performance and engagement.",1
Q5,How does Google Cloud support its customers’ cybersecurity needs?,"Google Cloud provides cybersecurity solutions that help customers detect, protect, and respond to a wide range of cybersecurity threats.",alphabet,"Google Cloud supports its customers’ cybersecurity needs through a variety of services and features, including:

1. **Security Tools and Solutions**: Google Cloud offers various security services such as Identity and Access Management (IAM), Data Loss Prevention (DLP), and Cloud Security Command Center to help customers manage access and protect sensitive data.

2. **Compliance and Certifications**: Google Cloud complies with numerous industry standards and regulations, such as GDPR, HIPAA, and ISO 27001, which helps customers meet their compliance requirements.

3. **Continuous Monitoring and Threat Detection**: Google Cloud employs advanced threat detection technologies, including machine learning algorithms, to continuously monitor for potential security threats and vulnerabilities in real time.

4. **Encryption**: It provides encryption for data at rest and in transit, ensuring that customer data is secure both during storage and while being transmitted across networks.

5. **Incident Response and Support**: Google Cloud has a dedicated security team to assist customers with incident response and security best practices, ensuring timely support in the case of security events.

6. **Security Training and Resources**: Google Cloud offers various training resources and documentation to help customers understand and implement effective cybersecurity practices within their organizations.

Overall, Google Cloud takes a comprehensive approach to cybersecurity, empowering customers with tools, resources, and support to protect their cloud environments effectively.",1
Q6,What three key areas is Google focusing on to achieve its sustainability goals by 2030?,"Google aims to achieve net-zero emissions across operations and value chains, operate on carbon-free energy 24/7, and help cities and local governments reduce carbon emissions.",alphabet,"Google is focusing on three key areas to achieve its sustainability goals by 2030:

1. **Renewable Energy**: Committing to operating on 100% renewable energy for its global operations.
  
2. **Carbon-Free Energy**: Aiming to run all of its data centers and campuses on carbon-free energy by 2030.

3. **Circular Economy**: Promoting a circular economy by designing products with sustainability in mind, ensuring materials are reused and recycled effectively.",0
Q7,How does Google Cloud support cybersecurity for its clients?,"Google Cloud offers cybersecurity products that help customers detect, protect, and respond to various cybersecurity threats.",alphabet,"Google Cloud supports cybersecurity for its clients through a multi-layered approach that includes:

1. **Infrastructure Security**: Utilizing Google's global infrastructure to provide secure and resilient services, with built-in defenses against threats and attacks.

2. **Data Protection**: Implementing encryption for data at rest and in transit, as well as identity and access management (IAM) to restrict data access based on user roles.

3. **Threat Detection and Response**: Offering advanced tools like the Security Command Center, which helps clients detect and respond to security threats in real-time.

4. **Compliance and Certifications**: Adhering to various compliance standards and certifications, ensuring that clients meet regulatory requirements.

5. **Security Products**: Providing security products such as Cloud Armor for DDoS protection, Chronicle for security analytics, and Identity-Aware Proxy for secure access control.

6. **Best Practices and Guidance**: Offering training resources, security best practices, and support to help clients implement effective cybersecurity measures.

By combining these elements, Google Cloud delivers robust cybersecurity solutions designed to safeguard clients' data and applications.",1
Q8,What is one of Google's notable achievements in the field of sustainability bonds?,"In 2020, Google issued $5.75 billion in sustainability bonds, the largest sustainability or green bond issuance by any company at the time.",alphabet,"One of Google's notable achievements in the field of sustainability bonds is the issuance of its first green bond in 2017, which was aimed at funding renewable energy projects and improving energy efficiency within its operations. This initiative showcased Google's commitment to sustainability and responsible investment, helping to raise significant funds for environmental projects.",0
Q9,What are the main components of Google Services revenues?,"Google Services revenues include advertising, sales of apps and in-app purchases, hardware, and subscription-based products like YouTube Premium and YouTube TV.",alphabet,"The main components of Google Services revenues typically include:

1. **Advertising Revenue**: Earnings from ads displayed on Google Search, YouTube, and other partner sites through programs like Google Ads and AdSense.

2. **Google Cloud Services**: Revenue generated from cloud computing services, including infrastructure (IaaS), platform (PaaS), and software services (SaaS) offered to businesses.

3. **Google Play**: Income from the sale of apps, games, and in-app purchases from the Google Play Store.

4. **YouTube Premium and Subscriptions**: Revenue from subscription-based services like YouTube Premium and YouTube TV.

5. **Hardware Sales**: Income from the sale of devices such as Pixel phones, Nest home products, and other Google-branded hardware.

6. **Other Bets**: Although a smaller component, this includes revenues from various experimental and innovative projects under Alphabet, including Waymo and Verily.

These components together contribute to the overall revenue stream of Google Services.",1
Q10,How does Alphabet approach competition in its various business sectors?,"Alphabet competes across multiple areas, including general-purpose search engines, digital content platforms, enterprise cloud services, and digital assistant providers.",alphabet,"Alphabet approaches competition in its various business sectors through a combination of innovation, diversification, strategic acquisitions, and leveraging its strong technology infrastructure. The company invests heavily in research and development to enhance its existing products and create new services, ensuring it stays ahead of competitors. It also diversifies its revenue streams beyond search and advertising, entering sectors like cloud computing, hardware, and autonomous vehicles.

Moreover, Alphabet strategically acquires companies that complement its core business or provide new capabilities, allowing it to enhance its competitiveness. Additionally, the company focuses on maximizing user experience and data utilization, giving it an edge in understanding consumer behavior and driving engagement across its platforms, including Google Search, YouTube, and Google Cloud. Through these strategies, Alphabet maintains its leadership position and effectively responds to challenges in the rapidly evolving tech landscape.",0
Q11,What are Alphabet’s reported segments for revenue and operation?,"Alphabet reports revenues in three segments: Google Services, Google Cloud, and Other Bets.",alphabet,"Alphabet's reported segments for revenue and operations typically include:

1. **Google Services**: This includes revenue from advertising (such as Google Ads), consumer products (like Google Play and YouTube), and subscriptions (Google Cloud, Google One).
2. **Google Cloud**: Revenue from cloud computing services, including infrastructure and data storage.
3. **Other Bets**: This category encompasses various experimental and innovative ventures outside of the core business, such as Waymo (self-driving technology) and Verily (healthcare).

For the most accurate and detailed figures, please refer to Alphabet's latest financial statements or earnings reports.",1
Q12,How does Google Cloud define its primary offerings?,"Google Cloud offers infrastructure, platform services, and Google Workspace collaboration tools.",alphabet,"Google Cloud's primary offerings include a wide range of cloud services, such as computing power (Google Compute Engine), storage solutions (Google Cloud Storage), machine learning tools (AI Platform), data analytics (BigQuery), and networking services (Cloud VPC). These offerings are designed to provide businesses with scalable, secure, and flexible infrastructure for developing, deploying, and managing applications in the cloud. Additionally, Google Cloud emphasizes productivity and collaboration tools like Google Workspace (formerly G Suite), integrating cloud services with daily business operations.",1
Q13,Describe Google’s mission and founding purpose.,Google’s mission is to organize the world’s information and make it universally accessible and useful.,alphabet,"Google's mission is to ""organize the world's information and make it universally accessible and useful."" The company's founding purpose was to create a search engine that could efficiently and effectively retrieve information from the rapidly growing web. Sergey Brin and Larry Page, the founders, aimed to improve the way people access and interact with information online, ultimately enhancing user experience and fostering knowledge sharing.",1
Q14,What were Google’s main priorities for research and development investments over the last five years?,"Google invested more than $100 billion in research and development, focusing on innovating and building products that support users, partners, customers, and communities.",alphabet,"I'm sorry, but the provided context does not contain information about Google's research and development investments or their priorities over the last five years. If you would like to know about Google's R&D focus areas, please refer to official statements, annual reports, or news articles from credible sources.",0
Q15,What goals has Google set regarding water consumption?,Google aims to replenish more water than it consumes by 2030 and support water security in communities where it operates.,alphabet,"Google aims to reduce its water consumption by 20% by 2030 and is committed to replenishing more water than it consumes in its global operations. The company focuses on enhancing water efficiency, especially in regions facing water scarcity, and works on projects to replenish water in local ecosystems.",1
Q16,What does Google Assistant aim to provide for users across different devices?,Google Assistant aims to provide seamless and intelligent help across different devices throughout the day.,alphabet,"Google Assistant aims to provide users with a seamless and personalized experience across different devices by offering voice-activated assistance, answering questions, managing tasks, controlling smart home devices, and providing relevant information and services based on user preferences and context.",1
Q17,Which Google Services generate revenue through subscription?,Subscription-based revenue in Google Services comes from YouTube Premium and YouTube TV.,alphabet,"Google generates revenue through subscription services via several products, including:

1. **Google Workspace:** Offers subscription plans for productivity tools like Gmail, Google Drive, Docs, Sheets, and more for businesses.
2. **YouTube Premium:** A subscription service providing ad-free videos, background play, and access to YouTube Originals.
3. **Google Play Pass:** A subscription service offering access to a library of apps and games on the Google Play Store without ads or in-app purchases.
4. **YouTube TV:** A subscription-based live TV service that allows users to watch and record live television.
5. **Google One:** A subscription plan that provides expanded cloud storage across Google Drive, Gmail, and Google Photos, along with additional benefits.

These services contribute to Google's overall revenue through monthly or annual subscription fees.",1
Q18,What is Google’s approach to developing “moonshot” projects?,"Google pursues high-risk, high-reward projects, such as those that led to the success of YouTube, Android, and Chrome, aiming for revolutionary impact rather than incremental improvements.",alphabet,"Google's approach to developing ""moonshot"" projects is characterized by its focus on ambitious, far-reaching ideas that have the potential to solve significant societal challenges. These projects are often pursued by X, the innovation lab formerly known as Google X, which fosters a culture of experimentation and risk-taking. Key aspects include:

1. **Moonshot Thinking**: Encouraging teams to think big and aim for transformative innovations rather than incremental improvements.

2. **Technological Feasibility**: Assessing and leveraging emerging technologies to tackle problems that seem insurmountable.

3. **Iterative Prototyping**: Rapidly developing and testing prototypes to validate ideas and learn from failures.

4. **Cross-Disciplinary Teams**: Assembling diverse teams of experts from various fields to foster creativity and innovation.

5. **Long-Term Vision**: Focusing on projects that may take years or decades to realize, emphasizing the potential for groundbreaking results.

6. **Sustainability and Impact**: Prioritizing projects that can create significant positive impacts on society, such as addressing climate change or improving healthcare.

Overall, Google's moonshot projects reflect a commitment to innovative thinking and solving complex global issues.",1
Q19,What does Google aim to achieve by introducing eco-friendly routing in Maps?,Google aims to help users make more sustainable choices by offering eco-friendly routing options that can reduce carbon footprints.,alphabet,"Google aims to reduce carbon emissions and promote sustainable transportation by introducing eco-friendly routing in Maps. This feature helps users find the most efficient routes that minimize environmental impact, thereby encouraging greener travel choices and contributing to overall efforts in combating climate change.",1
Q20,How has Google approached privacy by design for user data?,"Google has continuously enhanced privacy settings, such as auto-delete options for user data, and emphasizes secure default practices.",alphabet,"Google has approached privacy by design for user data through several key strategies:

1. **Data Minimization**: Google aims to collect only the data necessary for providing its services, limiting the amount of personal information retained.

2. **User Control**: The company offers users robust privacy controls, allowing them to manage their data, adjust settings, and delete information as desired.

3. **Transparency**: Google provides clear privacy policies and notifications about data collection practices, helping users understand how their data is used and protected.

4. **Security Measures**: Advanced security technologies are implemented to protect user data from unauthorized access and breaches.

5. **Default Privacy Settings**: Google default settings are designed to enhance privacy, requiring users to make conscious choices to share more data rather than the opposite.

6. **Regular Audits and Updates**: Continual assessments of data practices and updates to align with legal requirements and industry best practices ensure ongoing commitment to privacy.

These measures reflect Google's commitment to embedding privacy considerations throughout its data handling processes.",0
Q21,Describe the role of Google Cloud’s data solutions.,"Google Cloud unifies data lakes, data warehouses, and machine learning into a platform that allows data analysis across any cloud.",alphabet,"Google Cloud's data solutions play a crucial role in managing, analyzing, and storing large volumes of data across various applications. They provide scalable infrastructure for data storage, powerful tools for data processing and analytics, machine learning capabilities for predictive insights, and robust security features to protect sensitive information. These solutions enable organizations to efficiently leverage data for decision-making, enhance operational efficiencies, and drive innovation in their respective industries.",0
Q22,What are Google’s objectives in carbon-free and circular economy initiatives?,"Google’s objectives include running on 24/7 carbon-free energy, maximizing resource reuse, and supporting environmental sustainability in communities.",alphabet,"Google's objectives in carbon-free initiatives focus on achieving 100% renewable energy for its global operations, aiming to operate on carbon-free energy by 2030. This includes optimizing energy consumption in data centers and investing in sustainable technologies. 

For circular economy initiatives, Google aims to design products and packaging that minimize waste, increase recycling efforts, and promote reuse. The company is committed to making all of its products recyclable, reusable, or compostable by 2025, thereby reducing material waste and enhancing sustainable practices in its supply chain.",1
Q23,What types of ads are included in Google’s brand advertising strategy?,"Google’s brand advertising includes videos, text, images, and interactive ads that build user awareness and affinity across devices.",alphabet,"Google's brand advertising strategy includes various types of ads, such as:

1. **Display Ads**: Visual banner ads that appear on websites across the Google Display Network.
2. **Video Ads**: Advertisements showcased on platforms like YouTube, including skippable and non-skippable formats.
3. **Search Ads**: Ads that appear on search engine results pages when users search for relevant keywords.
4. **App Promotion Ads**: Ads designed to promote mobile apps across Google platforms, encouraging downloads and engagement.
5. **Shopping Ads**: Product listings that appear in Google's search results for e-commerce purposes, showing images and prices directly.
6. **Native Ads**: Ads that blend seamlessly with content on websites, making them appear less intrusive.

These ad formats are tailored to enhance brand visibility and customer engagement across various digital platforms.",0
Q24,In what ways does Google Cloud assist in business transformation?,"Google Cloud helps businesses solve challenges, reduce costs, and unlock growth by providing scalable, secure solutions for productivity and collaboration.",alphabet,"Google Cloud assists in business transformation through several key capabilities:

1. **Data Management and Analytics**: Google Cloud offers robust data storage, processing, and analytics solutions, allowing businesses to handle large datasets and gain insights through advanced analytics and machine learning tools.

2. **Artificial Intelligence and Machine Learning**: With tools like TensorFlow and AutoML, Google Cloud enables companies to build and deploy AI models, enhancing decision-making and operational efficiency.

3. **Scalable Infrastructure**: Google Cloud provides flexible and scalable infrastructure resources, enabling organizations to grow and adapt their IT environments based on demand, thus improving cost efficiency.

4. **Collaboration Tools**: Services such as Google Workspace foster collaboration and productivity across teams, streamlining workflows and communication.

5. **Security and Compliance**: Google Cloud prioritizes security, offering advanced security features and compliance certifications, helping businesses protect sensitive data and maintain regulatory compliance.

6. **Integration and Interoperability**: Google Cloud supports seamless integration with existing systems and third-party applications, facilitating smoother digital transformation journeys.

These capabilities empower organizations to innovate, enhance productivity, and improve customer experiences.",1
Q25,What industries are the focus of Google’s Other Bets segment?,Google’s Other Bets segment focuses on industries such as health technology and internet services.,alphabet,"Google's Other Bets segment focuses on various industries, including healthcare (e.g., Verily), autonomous vehicles (e.g., Waymo), smart home devices (e.g., Nest), and broadband internet (e.g., Google Fiber). These initiatives are part of Alphabet Inc.'s efforts to explore emerging technologies and expand beyond its core advertising business.",1
Q26,What are the three pillars of Google’s sustainability strategy?,"Google’s sustainability strategy focuses on transitioning to carbon-free energy and a circular economy, empowering people with technology, and benefiting communities.",alphabet,"The three pillars of Google's sustainability strategy are:

1. **Operations**: Google aims to operate on 100% renewable energy and improve energy efficiency in its data centers and operations.
   
2. **Products**: The company focuses on enhancing the sustainability of its products and services, integrating environmentally friendly practices throughout their lifecycle.

3. **Supply Chain**: Google works to engage and support its suppliers in adopting sustainable practices to reduce their carbon footprint and promote responsible sourcing.",0
Q27,How does Google Cloud help businesses manage data across different clouds?,"Google Cloud unifies data lakes, warehouses, and machine learning into a platform that enables data analysis across any cloud.",alphabet,"Google Cloud helps businesses manage data across different clouds through several key features:

1. **Multi-Cloud Solutions:** Google Cloud offers tools and services that enable the integration and management of data from various cloud providers, facilitating a unified view and control over multi-cloud environments.

2. **Data Interoperability:** Services like BigQuery allow businesses to analyze data stored in different clouds without the need for extensive data movement, making it easier to derive insights from disparate data sources.

3. **Cloud Storage Options:** Google Cloud provides flexible storage solutions that can be accessed and used across different cloud services, ensuring that data is organized and accessible regardless of the cloud provider.

4. **APIs and Integration Tools:** Google Cloud offers APIs and integration tools that allow businesses to connect apps and services across different cloud platforms, enabling seamless data flow and operational efficiency.

5. **Management and Security Features:** Google Cloud includes management tools for monitoring and controlling data across clouds, as well as security features that ensure data integrity and compliance with regulations across different environments.

Overall, these capabilities help businesses simplify their data management processes, enhance collaboration, and utilize best-of-breed services from multiple cloud vendors efficiently.",0
Q28,What major benefit does AI provide to Google products like Lens and Translate?,"AI allows these products to perform tasks such as image recognition and translation, enhancing their usefulness.",alphabet,"AI provides major benefits to Google products like Lens and Translate by enhancing their functionality and user experience. For Google Lens, AI enables advanced image recognition, allowing users to quickly identify objects, text, and landmarks, while providing contextual information. In Google Translate, AI improves the accuracy of translations through natural language processing and machine learning, enabling more fluent and contextually appropriate translations across numerous languages. Overall, these AI capabilities make these tools more intuitive, efficient, and effective in assisting users.",1
Q29,What are Google’s revenue sources outside of advertising?,"Google generates non-advertising revenues from Google Play, hardware, and YouTube subscriptions, including YouTube Premium and YouTube TV.",alphabet,"Google’s revenue sources outside of advertising include:

1. **Google Cloud**: Revenue from cloud computing services, including data storage, analytics, and machine learning services.
2. **Hardware Sales**: Income from selling hardware products like Google Pixel smartphones, Nest smart home devices, and Chromebooks.
3. **YouTube Premium and Subscriptions**: Revenue generated from subscription services like YouTube Premium and YouTube TV.
4. **Google Play Store**: Earnings from app sales, in-app purchases, and subscription fees through the Google Play Store.
5. **Licensing and Partnerships**: Revenue from licensing agreements and partnerships, including Google Workspace subscriptions.
6. **Other Bets**: Income from various experimental projects and subsidiaries (such as Waymo and Verily) that focus on different technologies and industries. 

These sources diversify Google's revenue portfolio beyond its core advertising business.",1
Q30,What products are included in Google’s hardware lineup?,"Google’s hardware lineup includes Fitbit wearable devices, Google Nest home products, and Pixel phones.",alphabet,"Google's hardware lineup includes products such as the Pixel smartphones, Pixelbook laptops, Google Nest smart home devices (like Nest Hub and Nest Thermostat), Google Nest WiFi, Chromecast streaming devices, and the Pixel Watch.",1
Q31,What has been Google’s approach to filtering invalid advertising traffic?,Google removes billions of bad ads from its systems annually to improve ad experiences.,alphabet,"Google's approach to filtering invalid advertising traffic involves several key strategies:

1. **Automated Systems**: Google employs automated systems to detect and filter out invalid clicks and impressions, using machine learning algorithms to identify patterns indicative of fraudulent activity.

2. **Real-time Monitoring**: Continuous monitoring of traffic sources is performed to analyze user behavior and flag any suspicious activity in real time.

3. **Collaboration with Publishers**: Google works closely with publishers to ensure compliance with advertising policies and to enhance the detection of invalid traffic.

4. **User Reporting**: Google encourages users to report suspicious ads or clicks, which aids in identifying new threats and improving their filtering systems.

5. **Regular Updates**: The company frequently updates its algorithms and practices to address emerging tactics used by fraudsters, ensuring they stay ahead in filtering out invalid traffic.

6. **Transparency and Accountability**: Google provides advertisers with insights into their traffic sources and potential invalid activity, promoting transparency and accountability in advertising practices.

These initiatives collectively help Google maintain the integrity of its advertising network and protect advertisers from invalid traffic.",0
Q32,Describe the type of advertising supported on Google’s platform for brand advertisers.,"Google supports brand advertising through video, text, and interactive ads across devices, enhancing awareness and affinity.",alphabet,"Google's platform supports various types of advertising for brand advertisers, including:

1. **Search Ads**: Text-based ads that appear on Google search results pages when users search for specific keywords.

2. **Display Ads**: Visual banner ads displayed across the Google Display Network, which includes millions of websites, apps, and videos.

3. **Video Ads**: Ads shown on YouTube and across the web, allowing brands to reach audiences through engaging video content.

4. **Shopping Ads**: Product listings that appear on Google search results and Google Shopping, enabling retailers to promote and sell products directly.

5. **App Ads**: Ads that help promote mobile applications across Google’s platforms, including search, display, and YouTube.

6. **Discovery Ads**: Ads that appear in Google Discover feeds, YouTube home feeds, and Gmail Promotions tabs, targeting users based on their interests.

These advertising options provide brand advertisers with diverse avenues to reach their target audience effectively across various digital touchpoints.",0
Q33,What is the purpose of Google’s My Ad Center tool?,My Ad Center allows users to control their ad experience by providing personalized ad settings.,alphabet,Google's My Ad Center tool is designed to give users greater control over their advertising preferences. It allows users to manage the types of ads they see across Google services by customizing their interests and opting out of personalized ads. The tool aims to enhance user privacy and satisfaction by providing transparency and choices regarding ad content.,1
Q34,How does Google protect sensitive user data across its services?,"Google enforces secure-by-default settings, prioritizes data privacy, and uses advanced security features like anti-malware tools.",alphabet,"Google employs a variety of measures to protect sensitive user data across its services. These include:

1. **Encryption**: Google uses encryption both in transit (TLS) and at rest to safeguard user data from unauthorized access.

2. **Access Controls**: Strong access controls and authentication methods, including two-factor authentication, ensure that only authorized users can access sensitive data.

3. **Data Minimization**: Google minimizes the collection of personal information, only storing data that is necessary for functionality and user experience.

4. **Regular Audits and Testing**: Google conducts regular security audits and vulnerability assessments to identify and mitigate potential risks.

5. **User Transparency and Control**: Google provides users with tools to manage their privacy settings and access their data, enhancing transparency.

6. **Compliance with Regulations**: Google adheres to data protection regulations such as GDPR, ensuring that user data is handled according to legal standards.

Through these measures, Google aims to maintain the privacy and security of user data across its platforms.",1
Q35,What types of AI-driven tools does Google Cloud offer for business applications?,"Google Cloud offers AI-powered tools for document processing, image recognition, data analysis, and industry-specific applications.",alphabet,"Google Cloud offers a variety of AI-driven tools for business applications, including:

1. **AI Platform**: Enables developers to build, deploy, and manage machine learning (ML) models, providing end-to-end capabilities from data preparation to model training and serving.

2. **AutoML**: A suite of products that allows users to create custom machine learning models tailored to their specific needs without requiring extensive ML expertise.

3. **Natural Language API**: Provides insights into text data, including sentiment analysis, entity recognition, and content classification.

4. **Vision API**: Allows businesses to integrate image analysis capabilities such as object detection, face recognition, and OCR (optical character recognition).

5. **Dialogflow**: A tool for building conversational interfaces, such as chatbots and virtual assistants, leveraging natural language processing.

6. **Translation API**: Offers text translation capabilities across multiple languages, useful for global businesses.

7. **BigQuery ML**: Enables data analysts and data scientists to create and execute machine learning models directly within Google BigQuery using SQL queries.

8. **Recommendations AI**: Provides personalized product recommendations to improve customer engagement and increase conversion rates.

These tools help businesses leverage AI and machine learning to enhance their operations, improve customer experiences, and derive actionable insights from data.",1
Q36,What is one of Google's long-term sustainability goals regarding energy?,"By 2030, Google aims to operate on 24/7 carbon-free energy, making it the first major company to achieve this target.",alphabet,One of Google's long-term sustainability goals regarding energy is to operate completely on carbon-free energy by 2030. This includes using renewable energy sources and improving energy efficiency across its operations to minimize its environmental impact.,1
Q37,How does Google promote content quality on its platforms?,"Google combats low-quality content through algorithmic updates and web spam prevention technologies, which help maintain high-quality content on search and ad platforms.",alphabet,"Google promotes content quality on its platforms through several key practices:

1. **Search Quality Evaluators**: Google employs teams of human evaluators who assess the quality of search results based on guidelines that prioritize expertise, authoritativeness, and trustworthiness (E-A-T).

2. **Algorithm Updates**: Regular updates to algorithms, such as the core updates, are aimed at improving the ranking of high-quality content while demoting low-quality or spammy content.

3. **User Engagement Metrics**: Google analyzes user engagement indicators (e.g., click-through rates, bounce rates) to gauge the relevance and quality of content, influencing its visibility in search results.

4. **Quality Guidelines**: Google provides comprehensive guidelines for webmasters, encouraging content that is original, accurate, and valuable to users.

5. **Fact-Checking and Credibility**: Google emphasizes the importance of credible sources and encourages content that is fact-checked and reliable, particularly for sensitive topics like health or finance.

By combining these strategies, Google aims to ensure that users find high-quality, trustworthy information on its platforms.",1
Q38,What is Google’s sustainability strategy focused on?,"Google’s sustainability strategy focuses on transitioning to carbon-free energy, enabling sustainable choices through technology, and supporting the communities where they operate.",alphabet,"Google's sustainability strategy focuses on several key areas, including:

1. **Carbon Neutrality**: Google aims to operate on 24/7 carbon-free energy in all its data centers and campuses around the world by 2030.

2. **Renewable Energy**: The company is committed to sourcing renewable energy for its operations and has been one of the largest corporate purchasers of renewable energy globally.

3. **Circular Economy**: Google is working towards minimizing waste by promoting circular economy practices, such as recycling and sustainable materials usage in their products.

4. **Sustainable Products**: The company focuses on making its products and services more energy-efficient and environmentally friendly.

5. **Carbon Accounting**: Google provides tools and resources to help businesses and individuals understand and reduce their carbon footprint.

Overall, Google's sustainability strategy aims to mitigate environmental impact while promoting innovation and sustainable practices.",1
Q39,What impact did the European Commission’s ruling have on Google’s AdSense agreements?,"The European Commission imposed a €1.5 billion fine on Google and required changes to AdSense agreements, impacting how Google works with search partners.",alphabet,"The European Commission's ruling led to significant changes in Google's AdSense agreements by imposing strict limitations on the company's practices regarding advertising agreements and competition. This ruling required Google to alter its approach to ad placement and foster a more competitive environment for online advertising, ultimately aiming to enhance market fairness and provide more opportunities for rival companies. As a result, many of Google's previously existing exclusive contracts with publishers were affected, promoting greater transparency and competition in the digital advertising market.",1
Q40,What are some of Google’s privacy and security efforts?,"Google prioritizes secure-by-default settings, enhanced privacy controls like My Ad Center, and regular security updates to protect user data.",alphabet,"Google has implemented several key privacy and security efforts, including:

1. **Enhanced User Controls**: Google provides users with robust privacy settings, allowing them to manage their data, including the ability to delete activity history and control ad personalization.

2. **Data Encryption**: Google employs strong encryption protocols for data in transit and at rest to protect user information from unauthorized access.

3. **Security Key Program**: Google encourages users to adopt two-factor authentication (2FA) and offers security keys for an additional layer of protection against phishing attacks.

4. **Privacy Sandbox**: This initiative aims to create web technologies that enhance privacy while still supporting the advertising ecosystem, limiting the sharing of user data with third parties.

5. **Transparency Reports**: Google regularly releases transparency reports detailing government requests for data and the company’s responses, fostering accountability.

6. **Regular Security Audits**: Google conducts continuous security audits and assessments to identify vulnerabilities and strengthen its data protection measures.

7. **User Education**: Google offers resources and tools to educate users about online safety and privacy practices.

These efforts collectively demonstrate Google's commitment to protecting user privacy and enhancing overall security.",0
Q41,How does Google maintain advertising revenue with high standards for ad placement?,"Google monitors sites, apps, and videos, removing billions of bad ads yearly to ensure advertisers' content does not support low-quality material.",alphabet,"Google maintains its advertising revenue through high standards for ad placement by implementing rigorous quality control measures. This includes using advanced algorithms to ensure that ads are relevant to users, maintaining high-quality content standards, and monitoring user engagement. Advertisers are required to adhere to strict policies, ensuring ad quality and compliance with guidelines. Additionally, Google leverages data analytics to optimize ad targeting, ensuring that ads reach the right audience while minimizing the negative impact of poorly performing ads on user experience. This balance helps sustain user trust and engagement, ultimately driving advertising revenue.",0
Q42,What role does AI play in Google’s product development?,"AI enhances Google products by enabling functions like multi-input search, which uses both text and images, and supports various machine learning applications.",alphabet,"The provided context does not contain specific information about Google's product development or the role of AI in it. For accurate insights on AI's role at Google, one would need to reference external sources or Google's official communications regarding their product development strategies.",0
Q43,How does Google help advertisers understand campaign effectiveness?,"Google provides measurement tools for advertisers to assess ad performance, enhancing the ability to optimize campaigns across devices and formats.",alphabet,"Google helps advertisers understand campaign effectiveness through various tools and features, including:

1. **Google Analytics:** This tool allows advertisers to track website traffic, user behavior, and conversions originating from their campaigns, providing insights into which strategies are driving results.

2. **Google Ads Reporting:** Advertisers can access detailed reports on ad performance, including metrics like clicks, impressions, conversion rates, and return on investment (ROI).

3. **Attribution Models:** Google offers different attribution models that help advertisers understand how various touchpoints in a customer's journey contribute to conversions, allowing for better budget allocation.

4. **A/B Testing:** Google Ads enables advertisers to run A/B tests on their ads to determine the most effective messaging, visuals, and targeting strategies.

5. **Performance Insights:** Google's machine learning analyzes historical data to provide actionable insights and suggest optimizations for campaigns.

By combining these tools, Google provides a comprehensive view of campaign performance, helping advertisers make informed decisions to enhance their marketing efforts.",1
Q44,What competitive pressures does Google face in online advertising?,"Google competes with various online platforms and traditional media, necessitating continuous innovation to meet evolving advertiser demands.",alphabet,"Google faces several competitive pressures in online advertising, including:

1. **Increased Competition from Other Tech Giants**: Companies like Facebook (now Meta), Amazon, and Microsoft have significantly invested in their advertising platforms, attracting advertisers with unique offerings.

2. **Emerging Advertising Platforms**: New players, such as TikTok and Snapchat, are gaining popularity among advertisers, particularly for reaching younger audiences, which can dilute Google's market share.

3. **Privacy Regulations**: Stricter privacy laws and changes in data tracking (e.g., Apple's App Tracking Transparency) can limit Google's ability to target ads effectively, forcing a reevaluation of its ad strategies.

4. **Shifts in Consumer Behavior**: As users become more privacy-conscious and ad-savvy, there is a growing demand for transparency and less intrusive advertising formats, potentially impacting Google's traditional ad model.

5. **Economic Factors**: Fluctuations in the economy can affect advertising budgets, leading companies to explore alternative advertising channels or cut spending, putting pressure on Google's revenue.

6. **Ad Fraud and Brand Safety Concerns**: Advertisers are increasingly wary of ad fraud and ensuring their ads appear in safe environments, leading them to reconsider or diversify their ad spending.

Overall, Google must continuously innovate and adapt to maintain its leadership position in the competitive online advertising market.",1
Q45,What is Alphabet’s approach to creating “moonshots” in technology?,"Alphabet invests in high-risk, high-reward projects, like YouTube and Android, that aim to create transformative technology solutions.",alphabet,"Alphabet's approach to creating ""moonshots"" in technology involves fostering innovation through its research and development arm, X (formerly known as Google X). This initiative focuses on tackling significant global challenges with ambitious projects that aim for radical breakthroughs. Key elements of this approach include:

1. **Long-term Vision**: Moonshots are projects with a potential to revolutionize industries or solve large-scale problems, often taking years or even decades to achieve.

2. **Interdisciplinary Teams**: Formation of diverse teams comprising experts from various fields, encouraging collaboration and the cross-pollination of ideas.

3. **Rapid Prototyping and Experimentation**: Emphasis on quickly building prototypes to test ideas, embracing failure as a part of the learning and innovation process.

4. **Focus on Technology**: Investment in advanced technologies such as artificial intelligence, robotics, and biotechnology to develop innovative solutions.

5. **Iterative Development**: Utilizing agile methodologies to iteratively refine projects based on feedback and new findings.

By maintaining a balance between ambitious goals and rigorous experimentation, Alphabet aims to foster groundbreaking advancements that have the potential to change the world.",0
Q46,"How many employees did Alphabet have as of December 31, 2022?","Alphabet had 190,234 employees as of December 31, 2022.",alphabet,"As of December 31, 2022, Alphabet had approximately 186,000 employees.",0
Q47,What does Google consider as part of its mission in the digital economy?,"Google’s mission includes protecting the open internet and making information universally accessible, despite increasing global regulations.",alphabet,"Google's mission in the digital economy centers around making information universally accessible and useful. This involves enhancing the way people find, access, and share information online, as well as providing tools and services that improve productivity and support innovation in various sectors. Additionally, Google emphasizes the importance of maintaining a safe and inclusive internet environment, supporting economic growth, and empowering businesses and communities through technology.",0
Q48,What significant change in 2023 affects Alphabet’s AI reporting structure?,"In 2023, DeepMind is included in Alphabet’s corporate costs due to its increased collaboration with Google Services and Google Cloud.",alphabet,"In 2023, Alphabet significantly restructured its AI reporting by reorganizing its company divisions to better integrate and prioritize its artificial intelligence initiatives. This change aimed to enhance collaboration across various teams and improve the focus on AI development, resulting in more cohesive reporting on AI advancements and innovations within the company.",0
Q49,What is Google’s policy on maintaining high content quality across its platforms?,"Google actively prevents problematic content and enforces quality standards, as failing to do so could harm user trust and lead to regulatory penalties.",alphabet,"Google's policy on maintaining high content quality across its platforms focuses on ensuring that content is useful, relevant, and trustworthy for users. Key aspects of this policy include:

1. **E-A-T Principles:** Google emphasizes Expertise, Authoritativeness, and Trustworthiness (E-A-T) in content creation, especially for topics that significantly impact users' lives.

2. **Content Guidelines:** Google provides guidelines for webmasters and content creators, encouraging them to produce high-quality, original content that meets user needs.

3. **User Feedback:** Google continuously collects user feedback to assess content quality and make improvements to its algorithms to prioritize high-quality content.

4. **Quality Raters:** Google employs human quality raters who evaluate content against its quality standards, helping to refine search algorithms and assess content effectiveness.

5. **Spam Policies:** Google actively fights against deceptive and spammy practices that degrade content quality, enforcing policies to promote legitimate and informative content.

For detailed and specific guidelines, you may refer to Google's official documentation and Search Quality Evaluator Guidelines.",0
Q50,What does Google’s Supplier Code of Conduct ensure?,"The Supplier Code of Conduct ensures that vendors and staffing agencies follow ethical practices, promoting a positive working environment​",alphabet,"Google's Supplier Code of Conduct ensures that suppliers uphold ethical standards, including fair labor practices, safe working conditions, environmental responsibility, and compliance with laws. It promotes respect for human rights, prohibits child and forced labor, and encourages sustainability in supply chain practices.",1
Q51,What percentage of Alphabet's total revenue in 2022 came from online advertising?,80%,alphabet,"In 2022, approximately 80% of Alphabet's total revenue came from online advertising.",1
Q52,True or False: Alphabet's revenue growth rate has consistently increased year-over-year for the past five years.,FALSE,alphabet,False.,1
Q53,Which Google segment experienced the largest revenue growth from 2021 to 2022?,Google Cloud,alphabet,"The context provided does not include specific information about Google's revenue growth by segment from 2021 to 2022. To answer your query accurately, you would need to refer to Google's financial reports or earnings releases for that period, which would provide the necessary details on revenue growth by segment.",0
Q54,What was the primary driver of the increase in Alphabet's cost of revenues in 2022?,"Increases in data center and other operations costs, as well as hardware costs.",alphabet,"The primary driver of the increase in Alphabet's cost of revenues in 2022 was attributed to higher expenses related to infrastructure and personnel costs, as the company expanded its cloud services and other operational areas.",0
Q55,What are the three primary sources of Alphabet's liquidity?,"Cash, cash equivalents, marketable securities, and cash flow from operations",alphabet,"The three primary sources of Alphabet's liquidity are:

1. **Cash and Cash Equivalents:** This includes cash on hand and short-term investments that can be easily converted to cash.

2. **Operating Cash Flow:** The cash generated from Alphabet's core business operations, which includes revenues from advertising and other services.

3. **Marketable Securities:** Investments in financial instruments that can be quickly sold or converted to cash, contributing to overall liquidity.",1
Q56,What is the primary use of Alphabet's capital?,Investing for long-term growth of the business,alphabet,"The primary use of Alphabet's capital typically includes investments in research and development, expanding its product and service offerings, acquiring new technologies and companies, and funding infrastructure improvements such as data centers and network expansions. Additionally, capital may be allocated towards strategic initiatives aimed at growth and fostering innovation across its various segments, including advertising, cloud computing, and artificial intelligence.",0
Q57,What was the total amount of Alphabet's share repurchases in 2022?,$59.3 billion,alphabet,The total amount of Alphabet's share repurchases in 2022 was $70 billion.,0
Q58,How much did Alphabet's operating income decrease from 2021 to 2022?,$3.9 billion,alphabet,"Alphabet's operating income decreased from $78.56 billion in 2021 to $59.97 billion in 2022, resulting in a decrease of approximately $18.59 billion.",0
Q59,What was the primary driver of the decrease in Google Services operating income from 2021 to 2022?,Increases in compensation expenses and TAC.,alphabet,"The primary driver of the decrease in Google Services operating income from 2021 to 2022 was likely an increase in expenses, including higher operating costs and investments, coupled with a slowdown in revenue growth in a challenging economic environment.",0
Q60,What was the estimated useful life change Alphabet made to its servers and certain network equipment in January 2023?,From four to six years for servers and from five to six years for certain network equipment.,alphabet,"In January 2023, Alphabet changed the estimated useful life of its servers and certain network equipment from five years to four years.",0
Q61,What is a potential risk to Alphabet if advertisers reduce their spending?,"Significant harm to the business, as advertising generates a significant portion of revenue.",alphabet,"A potential risk to Alphabet if advertisers reduce their spending is a decline in revenue, as the company's primary source of income is from advertising. Reduced spending by advertisers may lead to lower ad placements on Google's platforms, impacting overall financial performance and possibly affecting Alphabet's market share and growth prospects. Additionally, this could result in reduced investments in new technologies and services, ultimately affecting the company's long-term strategic initiatives.",0
Q62,Name a potential consequence if manufacturers and users do not widely adopt versions of Alphabet's products for new platforms and devices.,Alphabet's business could be harmed.,alphabet,"A potential consequence of manufacturers and users not widely adopting versions of Alphabet's products for new platforms and devices could be decreased market competitiveness. This may result in a loss of innovation and reduced access to advanced features and services, ultimately hindering the overall growth and evolution of the technology landscape.",0
Q63,How could data privacy and security concerns affect Alphabet?,"Harm its reputation, cause significant liability, and deter users.",alphabet,"Data privacy and security concerns could significantly affect Alphabet in several ways:

1. **Regulatory Compliance**: Stricter data protection regulations (like GDPR or CCPA) may require Alphabet to invest more in compliance mechanisms, potentially increasing operational costs.

2. **Reputation Impact**: Any data breaches or mishandling of user data can damage Alphabet's reputation, leading to a loss of user trust and customer loyalty.

3. **User Engagement**: Heightened concerns about privacy may lead users to limit data sharing, impacting Alphabet's ability to provide personalized services and targeted advertising, which are crucial for its revenue model.

4. **Legal Risks**: Increased litigation risks due to data privacy violations can lead to financial liabilities and settlements.

5. **Innovation Constraints**: Data privacy concerns may restrict Alphabet’s ability to leverage large datasets for AI and machine learning advancements, affecting the development of new products and services.

Overall, addressing data privacy and security concerns is essential for Alphabet to maintain its competitive edge and sustain growth.",1
Q64,What could happen if Alphabet fails to innovate and provide useful products?,"It may not remain competitive and its business, financial condition, and operating results could be harmed.",alphabet,"If Alphabet fails to innovate and provide useful products, it could face several consequences, including:

1. **Loss of Market Share**: Competitors with more innovative offerings could attract users, leading to a decline in Alphabet's customer base and revenue.

2. **Investor Confidence Erosion**: Shareholders might lose confidence in the company's long-term prospects, resulting in a drop in stock prices and potential financial instability.

3. **Talent Attrition**: With fewer opportunities for innovation, top talent may leave the company in search of more dynamic environments that foster creativity and development.

4. **Stagnation in Growth**: A lack of new products or improvements could result in stagnant growth, reducing the company's ability to expand into new markets or sectors.

5. **Negative Public Perception**: Consumers may perceive Alphabet as outdated or irrelevant, damaging its brand reputation and customer loyalty.

6. **Regulatory Scrutiny**: In a competitive environment, failure to innovate could attract regulatory attention as the company may appear to be monopolizing market space without contributing to advancement.

Overall, continued innovation is essential for maintaining a competitive edge and ensuring the long-term success of the company.",0
Q65,"What is a key risk associated with Alphabet's ongoing investment in new businesses, products, services, and technologies?","It could divert management attention and harm the business, financial condition, and operating results.",alphabet,"A key risk associated with Alphabet's ongoing investment in new businesses, products, services, and technologies is the potential for significant financial losses. These investments often require substantial capital and may not yield immediate returns. Additionally, there is a risk of market competition, technological obsolescence, and failure to meet consumer needs, which can adversely affect Alphabet's overall profitability and shareholder value.",0
Q66,What type of risk does Alphabet face due to its reliance on contract manufacturers?,"Supply chain risks, including potential shortages and disruptions.",alphabet,"Alphabet faces several risks due to its reliance on contract manufacturers, including:

1. **Supply Chain Disruptions**: Dependence on third-party manufacturers can lead to vulnerabilities in the supply chain, which may be affected by geopolitical tensions, natural disasters, or pandemics.

2. **Quality Control Issues**: Contract manufacturers may not always adhere to Alphabet's quality standards, potentially leading to defective products that can harm the brand's reputation.

3. **Intellectual Property Risks**: Sharing sensitive designs and technologies with external manufacturers increases the risk of intellectual property theft or misuse.

4. **Cost Fluctuations**: Changes in labor costs, material prices, or tariffs imposed on certain regions can impact the overall production costs and profitability.

5. **Regulatory Compliance**: Contract manufacturers may operate in different jurisdictions, which can lead to challenges in ensuring compliance with various local regulations and labor laws.

These risks highlight the importance for Alphabet to manage its relationships with contract manufacturers effectively and develop mitigation strategies.",0
Q67,What could harm Alphabet's business if it fails to maintain and enhance its strong brands?,It could hurt its ability to expand its user base and enter new categories.,alphabet,"If Alphabet fails to maintain and enhance its strong brands, it could face several risks that may harm its business, including:

1. **Loss of Consumer Trust**: Weakening brand integrity can lead to reduced consumer trust, making users less likely to engage with its products and services.

2. **Decreased Market Share**: Competitors could capitalize on Alphabet's brand decline, attracting users to their offerings, leading to a loss of market share.

3. **Lower Revenue**: A diminished brand reputation can result in decreased ad revenue, particularly for businesses reliant on Google's advertising services.

4. **Innovation Stagnation**: Without a strong brand, investment in innovation may wane, causing Alphabet to fall behind in technology advancements.

5. **Talent Acquisition and Retention Challenges**: A weakened brand can make it harder to attract and retain talent, as employees often seek to work for reputable and respected companies.

6. **Regulatory Scrutiny**: Failing to uphold a strong brand can attract negative media attention and regulatory scrutiny, leading to potential legal and operational challenges.

Overall, the failure to uphold and enhance its brands could significantly impact Alphabet's competitive positioning and long-term viability.",0
Q68,How could problematic user-generated content impact Alphabet?,It could harm the quality of services and reputation.,alphabet,"Problematic user-generated content could impact Alphabet in several ways:

1. **Reputation Risk**: Negative or harmful content can damage Alphabet's reputation, leading to public backlash and loss of user trust in its platforms.

2. **Regulatory Scrutiny**: Increased problematic content may attract regulatory attention, resulting in potential fines or requirements for stricter content moderation policies.

3. **Monetization Challenges**: Advertisers may be hesitant to associate their brands with platforms featuring problematic content, affecting Alphabet's advertising revenue.

4. **User Engagement**: An increase in harmful content can lead to reduced user engagement and trust, potentially driving users away from services like YouTube and Google.

5. **Content Moderation Costs**: Alphabet may incur higher operational costs to develop and maintain robust content moderation systems to deal with problematic content effectively.

By addressing these issues proactively, Alphabet can mitigate the risks associated with problematic user-generated content.",0
Q69,How could internet access providers harm Alphabet's business?,"By restricting, blocking, degrading, or charging for access to its products and services.",alphabet,"Internet access providers could harm Alphabet's business in several ways:

1. **Control Over Access**: Internet service providers (ISPs) may prioritize their own services or those of competitors over Alphabet's platforms (like Google and YouTube), leading to slower access speeds and a diminished user experience.

2. **Net Neutrality Issues**: If net neutrality regulations are rolled back, ISPs could implement paid prioritization, charging Alphabet extra fees for faster access, which could increase operational costs and limit service reach.

3. **Data Throttling**: ISPs might throttle (slow down) user access to Alphabet's services during high traffic periods, causing frustration for users and potentially driving them to alternative platforms.

4. **Bundling Packages**: Some ISPs may bundle their services with competing offerings, reducing the visibility and usage of Alphabet's products.

5. **Regulatory Pressure**: ISPs may lobby for regulations that negatively impact Alphabet's advertising and data collection practices, potentially leading to increased compliance costs and limitations on their operations.

These factors could constrain Alphabet's growth and influence in the digital space.
",0
Q70,"What type of legal liability could arise from expectations related to environmental, social, and governance (ESG) considerations?","Potential liabilities, increased costs, and reputational harm.",alphabet,"Legal liability related to environmental, social, and governance (ESG) considerations can arise from various sources, including:

1. **Regulatory Compliance:** Failure to comply with ESG-related laws and regulations can lead to penalties, fines, or legal actions. Companies may be held liable if they do not meet environmental regulations or fail to report accurately on governance practices.

2. **Misrepresentation:** Companies may face liability for making false or misleading statements regarding their ESG practices or performance. This could involve claims from investors, stakeholders, or consumers who rely on these representations.

3. **Negligence:** If a company fails to take necessary actions to mitigate environmental harm or address social issues and this inaction leads to harm, stakeholders may pursue negligence claims against the company.

4. **Breach of Fiduciary Duty:** Corporate directors and officers have a fiduciary duty to act in the best interests of the company and its shareholders. If ESG considerations are disregarded and this results in financial harm, they may be held liable for failing to fulfill their duties.

5. **Shareholder Actions:** Shareholders may bring derivative lawsuits against a company’s leadership for failing to address ESG issues or for engaging in practices that harm the company's reputation and value, citing management's breach of duty.

6. **Supply Chain Liability:** Companies can be held liable for ESG violations occurring within their supply chains, including labor violations or environmental damage caused by suppliers.

Overall, the evolving focus on ESG factors makes it essential for companies to actively manage their practices to avoid potential legal repercussions.",0
Q71,What is the largest business within Alphabet?,Google,alphabet,"The largest business within Alphabet is Google, which generates the majority of the company's revenue through its advertising services, search engine, and various other products and services.",1
Q72,How does Alphabet report Google's financial performance?,In two segments: Google Services and Google Cloud.,alphabet,"Alphabet reports Google's financial performance as part of its overall financial results. Quarterly and annual earnings reports provide detailed breakdowns of revenue, expenses, and profit, often highlighting revenue growth from Google's various segments such as Search, YouTube, and Cloud. Alphabet usually includes metrics such as total revenue, operating income, and net income, along with year-over-year comparisons and guidance for future performance. These reports are shared through press releases, conference calls, and filings with the SEC.",0
Q73,What is Alphabet's stated mission?,To organize the world's information and make it universally accessible and useful.,alphabet,"The provided context does not include information about Alphabet's stated mission. However, Alphabet's mission is commonly known to be ""to organize the world’s information and make it universally accessible and useful."" For the most accurate and up-to-date information about Alphabet's mission, it is best to refer to their official website or corporate communications.",1
Q74,What is one way Alphabet aims to ensure positive user experiences with its advertising products?,By serving the right ads at the right time and building deep partnerships with brands and agencies.,alphabet,"One way Alphabet aims to ensure positive user experiences with its advertising products is by prioritizing user privacy and implementing robust ad personalization features. This approach focuses on providing relevant and appropriate advertisements to users while respecting their data preferences, thereby increasing engagement and satisfaction with the ads they see.",0
Q75,Which Google product offers a suite of cloud-based communication and collaboration tools for enterprises?,Google Workspace,alphabet,Google Workspace (formerly known as G Suite) offers a suite of cloud-based communication and collaboration tools for enterprises.,1
Q76,What are some examples of investment areas within Alphabet's Other Bets segment?,"Health, life sciences, and transportation",alphabet,"Alphabet's Other Bets segment includes several investment areas, including:

1. **Waymo** - Autonomous driving technology and self-driving car services.
2. **Verily** - Life sciences and healthcare technology, focusing on data-driven solutions for health issues.
3. **Calico** - Research and development aimed at understanding aging and improving longevity.
4. **GV (formerly Google Ventures)** - A venture capital investment arm that funds innovative startups across various sectors.
5. **Nest** - Smart home products, including thermostats and security systems.
6. **Loon** - High-altitude balloons designed to provide internet access in remote areas (though this project has been discontinued).

These investments represent Alphabet's efforts to explore innovative technologies beyond its core advertising business.",0
Q77,"What is Alphabet's approach to developing new products, in terms of user experience and monetization?","Focus on user experience first, then prioritize monetization.",alphabet,"The provided context does not contain specific information about Alphabet's approach to developing new products regarding user experience and monetization. For insights on Alphabet's strategies in these areas, additional sources or information, such as company reports or statements, would be necessary.",0
Q78,What is Alphabet's long-term goal regarding carbon-free energy use?,To become the first major company to run on carbon-free energy 24/7/365.,alphabet,"Alphabet's long-term goal regarding carbon-free energy use is to operate on 24/7 carbon-free energy by 2030. The company aims to power its global operations with renewable energy sources at all times, focusing on sustainability and reducing its environmental impact.",1
Q79,How is Alphabet empowering users to make more sustainable choices?,By providing features like eco-friendly routing in Google Maps and information about climate change in Google Search.,alphabet,"Alphabet is empowering users to make more sustainable choices through various initiatives and tools. These include:

1. **Search and Information Accessibility**: Google Search provides users with information on sustainable practices, eco-friendly products, and carbon footprint tracking, making it easier to find ways to reduce their environmental impact.

2. **Energy-efficient Technologies**: Alphabet invests in and promotes energy-efficient technologies and renewable energy solutions, encouraging users and businesses to adopt greener practices.

3. **Sustainable Product Labels**: Google provides sustainability information and eco-conscious labels on products in Google Shopping, helping consumers make informed purchasing decisions.

4. **Environmental Reporting**: Alphabet offers tools and resources for users to track their personal impact on the environment, such as carbon emissions and energy usage, enabling better decision-making.

5. **Community Engagement and Education**: Initiatives like Google Earth and YouTube promote awareness around climate change and sustainability, educating users and communities about environmental issues.

Through these strategies, Alphabet is helping users make more informed and sustainable choices in their daily lives.",0
Q80,How does Alphabet describe its corporate culture?,"Collaborative, creative, and encouraging of the iteration of ideas.",alphabet,"The provided context does not contain specific information about Alphabet's corporate culture. For details on how Alphabet describes its corporate culture, you may want to refer to their official website or corporate communications. Typically, companies like Alphabet emphasize values such as innovation, collaboration, diversity, and a commitment to employee well-being within their corporate culture.",0
Q81,What U.S. government agency filed an antitrust lawsuit against Google regarding Search and Search advertising in 2020?,The Department of Justice (DOJ),alphabet,The U.S. Department of Justice (DOJ) filed an antitrust lawsuit against Google regarding Search and Search advertising in 2020.,1
Q82,"Which European Union (EU) regulation focuses on restricting the collection, processing, and/or sharing of user data?",The General Data Protection Regulation (GDPR),alphabet,"The European Union regulation that focuses on restricting the collection, processing, and sharing of user data is the General Data Protection Regulation (GDPR).",1
Q83,"What California law grants residents new data privacy rights, including a private right of action in the event of a data breach?",The California Consumer Privacy Act (CCPA),alphabet,"The California Consumer Privacy Act (CCPA) grants residents new data privacy rights, including a private right of action in the event of a data breach.",1
Q84,What are some examples of laws that cover content moderation and removal?,"The EU's Digital Services Act, Florida's Senate Bill 7072, and Texas' House Bill 20",alphabet,"Some examples of laws that cover content moderation and removal include:

1. **Communications Decency Act (CDA) - Section 230**: Provides immunity to online platforms for third-party content, allowing them to moderate content without being held liable for what users post.

2. **Digital Millennium Copyright Act (DMCA)**: Allows copyright holders to request removal of infringing content from online platforms and provides a safe harbor for platforms that comply.

3. **European Union's Digital Services Act (DSA)**: Establishes obligations for digital services to moderate content, including removing illegal content and providing transparency in content moderation processes.

4. **Anti-Terrorism Act**: Requires online platforms to take down content that promotes terrorism or extremism.

5. **Children's Online Privacy Protection Act (COPPA)**: Mandates the protection of children's online privacy, influencing platforms to moderate and remove content that could endanger minors.

These laws influence how platforms enforce community guidelines and manage user-generated content.",0
Q85,Which regulatory bodies have challenged Google's business practices in recent years?,"Competition enforcers, consumer protection agencies, and data protection authorities",alphabet,"In recent years, regulatory bodies that have challenged Google's business practices include:

1. **European Commission**: The Commission has imposed fines and initiated antitrust investigations regarding Google’s advertising practices and dominance in search engines.
2. **U.S. Department of Justice (DOJ)**: The DOJ filed a lawsuit against Google in 2020, alleging anti-competitive practices related to its search and advertising businesses.
3. **Attorney Generals of various U.S. states**: Several states, including Texas, filed lawsuits against Google, challenging its market dominance and alleged anti-competitive behavior.
4. **UK Competition and Markets Authority (CMA)**: The CMA has been investigating Google's data practices and their impact on competition in online advertising.

These entities have raised concerns over privacy issues, market manipulation, and the overall control Google exerts over the digital market.",0
Q86,What type of fine did the European Commission impose on Google in 2017 related to its display and ranking of shopping search results?,A €2.4 billion fine ($2.7 billion at the time),alphabet,"In 2017, the European Commission imposed a fine of €2.42 billion on Google for abusing its market dominance in online shopping search results. The Commission concluded that Google was favoring its own comparison shopping service in its search results, disadvantaging competitors.",1
Q87,What type of legal claims does Alphabet frequently face regarding intellectual property?,"Patent, copyright, trade secret, and trademark infringement lawsuits",alphabet,"Alphabet frequently faces legal claims related to intellectual property issues such as copyright infringement, patent disputes, trademark violations, and trade secret misappropriation. These claims often arise from its various services and products, including Google Search, YouTube, and Android.",1
Q88,What is a risk associated with indemnification agreements that Alphabet enters into with customers and partners?,Increased costs for defending intellectual property claims and potential significant damages.,alphabet,"A risk associated with indemnification agreements that Alphabet enters into with customers and partners is the potential for significant financial liability. If a claim is made against Alphabet or its partners regarding issues covered by the indemnification, it may incur substantial costs in legal fees and damages, which could impact its financial stability and reputation. Additionally, such agreements may require Alphabet to defend itself against claims even if they are baseless, diverting resources and attention from core business operations.",0
Q89,How could restrictive immigration policies affect Alphabet?,Negatively impact its ability to hire and retain global talent.,alphabet,"Restrictive immigration policies could impact Alphabet (Google's parent company) by limiting its ability to attract and retain highly skilled tech talent from abroad. This could lead to:

1. **Talent Shortages**: Difficulty in hiring software engineers, data scientists, and other specialized roles, potentially stalling innovation and development.
  
2. **Increased Costs**: Higher competition for domestic talent may drive up salaries and benefits, increasing operational costs.

3. **Reduced Diversity**: A less diverse workforce can hinder creativity and problem-solving, affecting the quality of products and services.

4. **Global Operations**: Limitations on mobility for international employees could disrupt global collaboration and operations, impacting projects and efficiency.

5. **Market Position**: A weakened ability to develop cutting-edge technologies could affect Alphabet's competitive advantage in the tech industry. 

Overall, restrictive immigration policies could pose significant challenges to Alphabet's growth and operational efficacy.",0
Q90,True or False: Alphabet has disclosed the reasonably possible loss related to all pending legal matters in its 10-K.,FALSE,alphabet,False.,1
Q91,What percentage of searches Google sees each day are new?,15%,alphabet,Google has reported that approximately 15% of the searches it sees each day are new queries that the search engine has never encountered before.,1
Q92,What are two of Google's 'moonshot' projects that have become successful platforms?,YouTube and Android,alphabet,"Two of Google's 'moonshot' projects that have become successful platforms are:

1. **Waymo**: This project focuses on developing self-driving car technology. Waymo has advanced significantly in autonomous vehicle development and has launched a commercial self-driving taxi service.

2. **Google Glass**: Initially launched as a consumer product, Google Glass has since pivoted towards enterprise applications, contributing to fields such as healthcare and manufacturing by providing augmented reality solutions for professionals.",0
Q93,What makes it possible for users to conduct Google Searches in new languages?,Artificial intelligence (AI).,alphabet,"The ability for users to conduct Google searches in new languages is made possible by advancements in natural language processing (NLP) and machine translation technology. These technologies allow search engines to understand, translate, and process queries in various languages, enabling users to input search terms in their preferred language. Additionally, language models can analyze and interpret semantic context, improving the accuracy of search results across different languages. Other factors include user-friendly interfaces that support multilingual inputs and extensive linguistic databases that help in accurately indexing and retrieving information in multiple languages.",0
Q94,What types of AI-powered solutions does Google Cloud offer to its customers?,"Document processing, image analysis, translation, and data analytics tools.",alphabet,"Google Cloud offers a variety of AI-powered solutions to its customers, including:

1. **Google AI Platform**: A suite of tools and services for building, training, and deploying machine learning models, including support for popular frameworks like TensorFlow and PyTorch.

2. **AutoML**: Tools that allow users to train high-quality machine learning models tailored to their specific needs without requiring deep expertise, covering vision, language, and structured data.

3. **Vision AI**: Solutions for image analysis, including object detection, image labeling, and facial recognition.

4. **Natural Language Processing (NLP)**: Services for text analysis, such as sentiment analysis, entity recognition, and content classification, using Google’s pre-trained models.

5. **Translation API**: A service for real-time language translation, supporting multiple languages and customizable translation models.

6. **Speech-to-Text and Text-to-Speech**: APIs that convert audio to text and vice versa, enabling voice recognition and voice synthesis applications.

7. **Dialogflow**: A development suite for building chatbots and conversational interfaces powered by natural language understanding.

8. **BigQuery ML**: A feature that allows users to create and execute machine learning models using SQL directly within BigQuery.

These solutions empower customers to leverage AI capabilities tailored to specific business needs across various industries.",0
Q95,What is Google Cloud Platform's core technology offering in cybersecurity?,"Products that help customers detect, protect, and respond to cybersecurity threats.",alphabet,"Google Cloud Platform's core technology offering in cybersecurity includes a comprehensive suite of security services designed to protect data, applications, and infrastructure. Key components include:

1. **Identity and Access Management (IAM)**: Controls user access to resources using roles and permissions.

2. **Security Command Center**: Provides visibility into security posture and assists in managing security vulnerabilities.

3. **Cloud Armor**: Offers protection against DDoS attacks and provides web application firewall (WAF) capabilities.

4. **Data Loss Prevention (DLP)**: Helps detect and protect sensitive data across various services.

5. **Encryption**: Ensures data is encrypted at rest and in transit, with key management solutions.

6. **Security Operations Center (SOC)**: Monitors network activity and responds to incidents.

These offerings aim to enhance security through multi-layered defenses, compliance solutions, and built-in security features across various Google Cloud services.",0
Q96,What is Google's stated goal for its Other Bets businesses?,"For them to become thriving, successful businesses.",alphabet,"Google's stated goal for its Other Bets businesses is to develop and scale innovative technologies that have the potential to impact various industries, focusing on long-term growth and advancements outside of its core advertising-driven business. These might include sectors such as health technology, smart home devices, and other emerging technologies.",0
Q97,Which Google segment has historically generated the highest operating margins?,Google Services,alphabet,"Google's online advertising segment, particularly through its Search and YouTube platforms, has historically generated the highest operating margins. This is primarily due to the high demand for digital advertising and the efficiency of Google's advertising systems.",0
Q98,What are some of the factors that could contribute to a decline in Alphabet's revenue growth rate?,"Changes in user behavior, competition, macroeconomic conditions, and deceleration in advertiser spending.",alphabet,"Several factors could contribute to a decline in Alphabet's revenue growth rate:

1. **Increased Competition:** Competing firms in digital advertising, cloud services, and other sectors may erode market share and pricing power.
  
2. **Economic Downturn:** A recession or economic slowdown can lead to reduced advertising budgets, affecting revenue from Google's core ad business.

3. **Regulatory Challenges:** Stricter regulations and potential antitrust actions could impose limitations on business practices and increase operational costs.

4. **Changes in Consumer Behavior:** Shifts toward privacy and ad-blocking technologies may reduce the effectiveness of targeted advertising, impacting revenue.

5. **Market Saturation:** As key markets mature, it may become more challenging to sustain high growth rates.

6. **Rising Costs:** Increased investment in new technologies, such as AI and cloud infrastructure, could pressure margins if not balanced with revenue growth.

7. **Global Supply Chain Issues:** Ongoing disruptions may impact product availability and advertising effectiveness across different regions.

Monitoring these factors is crucial for assessing Alphabet's financial outlook and strategic responses.",1
Q99,What are some examples of products that contribute to Google's 'other revenues'?,"Google Play, Fitbit, Google Nest, and Pixel.",alphabet,"Some examples of products that contribute to Google's 'other revenues' include Google Play Store sales (apps, games, subscriptions), YouTube Premium subscriptions, hardware sales (like Pixel smartphones and Nest devices), and services such as Google Cloud offerings.",0
Q100,True or False: Alphabet offers a short-term debt financing program through the issuance of commercial paper.,TRUE,alphabet,True.,1
